{"cameraMode":{"drawMode":0,"name":"Shaded","section":"Shading Mode"},"sceneLighting":true,"audioPlay":false,"sceneViewState":{"m_AlwaysRefresh":false,"showFog":true,"showSkybox":true,"showFlares":true,"showImageEffects":true,"showParticleSystems":true,"showVisualEffectGraphs":true,"m_FxEnabled":true},"in2DMode":false,"pivot":{"x":58.58822250366211,"y":19.840091705322267,"z":50.83432388305664},"rotation":{"x":0.6888454556465149,"y":-0.0021747364662587644,"z":0.002066503744572401,"w":0.724903404712677},"size":57.306373596191409,"orthographic":true}